customer_id,display_name
29c05c2c-19f0-5e72-bb10-5da2034da31d,Synthetic Customer 00
2f1b273d-7ac2-5307-a529-c36b23be9713,Synthetic Customer 01
5b3beef4-0115-5113-a435-2141551cd99c,Synthetic Customer 02
82bca62e-b77b-5728-8342-4b72178174bf,Synthetic Customer 03
84c8c81d-2d57-5ca4-9b9d-13c09cbdd6ca,Synthetic Customer 04
ba3a88e1-917b-5a52-a070-2ce0fae9f61b,Synthetic Customer 05
cf61222d-c8a9-503a-976b-ba3fd35da9b7,Synthetic Customer 06
e2706434-e96b-5194-a25e-736d259ee1fa,Synthetic Customer 07
f08ff53b-8d0d-5a01-84dc-670a2e3b776d,Synthetic Customer 08
f8a29964-6153-5479-9520-d49c25d4d023,Synthetic Customer 09
