recipient_id,display_name
03986d2c-063b-5110-8331-512099609b71,Synthetic Recipient 00
03e03dbc-a5a7-5e46-84d1-227d76bd29e0,Synthetic Recipient 01
11fac28e-fd38-55d5-9ea3-609452bfd484,Synthetic Recipient 02
14f50457-4937-5d7d-96ef-d0363e535e88,Synthetic Recipient 03
17e0966c-1644-5640-9e27-911c616bf215,Synthetic Recipient 04
22ff1811-4c04-57bf-8d1c-a4d408625d3b,Synthetic Recipient 05
29e76ee8-a66a-5d08-8a30-6c0f12df49c4,Synthetic Recipient 06
3a0193eb-996c-5d2a-a3ae-e623d5e8a144,Synthetic Recipient 07
45965d16-5031-5bca-8133-5b771a752ad1,Synthetic Recipient 08
493c232e-8bf5-59ea-b0a6-aa55bffaed23,Synthetic Recipient 09
4e7a17c9-7f45-5482-a1f0-4e4ba86db76e,Synthetic Recipient 10
50e05f21-6316-57cf-94f7-961b7de09218,Synthetic Recipient 11
53ff2a56-55d5-5ac7-b08d-0ea5b6297004,Synthetic Recipient 12
55d57bf9-161a-531a-a7ec-ba50f9b82cae,Synthetic Recipient 13
6db091d6-0bd8-5797-9f85-eb5b1d91b061,Synthetic Recipient 14
7001b247-1fed-5cba-b1b8-9dc9fa7cb6c5,Synthetic Recipient 15
7b4d3ad2-d76c-57bd-8b03-b7e82e69f0a4,Synthetic Recipient 16
826cd360-1069-5ade-99c3-4918558a1f22,Synthetic Recipient 17
84bf6ee0-b5b7-5168-8139-3271fb700fd9,Synthetic Recipient 18
860336c7-daa4-5f7a-a7d3-991bc102f1f8,Synthetic Recipient 19
8b19e2ca-40ea-50a6-8b61-a1c00df38f08,Synthetic Recipient 20
8ecd23f2-83be-57cd-ae65-fccef975ae31,Synthetic Recipient 21
96996879-452d-56c1-900b-eef7806fb6e5,Synthetic Recipient 22
a6ed3789-3e00-58f9-8796-548dc7e25355,Synthetic Recipient 23
a89664f8-d184-5144-b73a-80b6e74f0907,Synthetic Recipient 24
bb1ad09f-f1f3-5cde-b2aa-db54217d81f4,Synthetic Recipient 25
bf8fdf9c-ef99-5ee7-937c-aa12b279599d,Synthetic Recipient 26
d74e0969-a31e-58ed-9778-362d27e8068d,Synthetic Recipient 27
e65d1a21-db54-51a0-a12a-473017a08c77,Synthetic Recipient 28
e9c75e2a-f1a5-54c1-bbed-91f3aa8528c6,Synthetic Recipient 29
ed7a5c65-73b4-5a87-9931-cb8ea4e9223f,Synthetic Recipient 30
f432ddfb-f114-50ee-a37d-97036d31ed8b,Synthetic Recipient 31
ffd998d7-ebc5-5bf0-9c05-19f9430b3d04,Synthetic Recipient 32
